,predicted,actual,title
19,0,1,The PS5 launch is rough
26,0,1,Vatican probing Pope Francis‚Äô Instagram ‚Äòliking‚Äô racy photo
27,0,1,Vatican Launches Probe After Pope‚Äôs Insta Account Likes Very Risqu√© ‚ÄòSchool Girl‚Äô Pic
37,0,1,When your video goes VIRAL and you get on the RADIO
41,0,1,The Must-Have Xbox Series X Launch Titles
63,0,1,Kanye West on his election disaster (EXCLUSIVE INTERVIEW)
95,0,1,Michigan Hopes To Increase Voter Turnout By Making It Legal To Cast Ballot By Stepping Outside And Shouting Candidate‚Äôs Name
99,0,1,Sex
101,0,1,U.S. health official gives COVID-19 update in clown costume
156,0,1,"AOC's 'Among Us' Twitch stream pulls in over 400,000 viewers"
214,0,1,Texas Governor Issues Order Limiting Absentee Voting To One Ballot Per County
228,0,1,Covid-Sniffing Dog Not Sure How To Tell Woman She Also Smells Pregnant
247,0,1,Rudy Giuliani Tests Positive For Slew Of Obscure Bat Diseases Unrelated To Covid-19
308,0,1,Softbank Discovers Black Hole &amp; Invests $1B In Pre-Seed Round
332,0,1,"Deli Worker Searches For Palest, Mealiest Tomato To Put On Customer‚Äôs Sandwich"
415,0,1,Fox News Limits Pandemic Coverage To Avoid Giving Coronavirus Notoriety It Craves
435,0,1,Officers Exposed To Steve Bannon During Arrest Scream As Blistered Skin Begins Sloughing Off
455,0,1,Adam Silver Warns Player Against Leaving Bubble For Strip Clubs With Lackluster Talent
472,0,1,Deformed Freak Born Without Penis
543,0,1,Student Travels To Remote Indian Temple To Train With Legendary Yoga Ball
582,0,1,Georgia Governor Bans Local Governments From Mandating Masks
642,0,1,UK's first online 'Muslim sex shop' set to launch
664,0,1,AMC Unveils Covid-19 Guidelines Requiring All Movie Characters To Wear Masks
675,0,1,Officials Warn Defunding Police Could Lead To Spike In Crime From Ex-Officers With No Outlet For Violence
683,0,1,Civil Whites
706,0,1,Florida man kills friend while showing off gun he thought was unloaded
828,0,1,Coronavirus: Monkeys 'escape with COVID-19 samples' after attacking lab assistant
927,0,1,Why Being Called a Cuck Is Actually a Compliment
970,0,1,Hawaii: Scuba diver hospitalized after his penis gets stuck in giant clam
994,0,1,Missouri Sues China Over Coronavirus Pandemic
996,0,1,Apple Employee Fired For Thinking Different
1074,0,1,Joe is at it again!
1076,0,1,Black Man Shot By Police After Matching Description For Covid-19
1142,0,1,Rikers Inmates Punished After Guards Catch Them Trying To Make Bootleg Coronavirus Vaccine
1163,0,1,Real News; a reliable source
1176,0,1,TheOnion.com Has Been Designated As A Pandemic Shelter In The Event That Covid-19 Could Spread Through The Internet
1320,0,1,Biden Says Incredible Comeback Proves He Can Beat Progressive Democrat In A General Election
1429,0,1,Mainland China Government is in a Resolute Battle Against Mahjong
1488,0,1,Coronavirus Fears Prompt 200-Foot Surgical Mask To Be Mounted Over Docking Cruise Ship
1561,0,1,President Faces Down Monster In Action-Packed Schedule
1568,0,1,Amazon Ring By The Numbers
1595,0,1,Mike Pompeo: ‚ÄòThere Is Overwhelming And Undeniable Evidence To Support Going To War With Whoever‚Äô
1598,0,1,"‚ÄòThe Cowboy Thing Is Over,‚Äô Says Lil Nas X Appearing On Red Carpet Dressed As 17th-Century Puritan Minister"
1608,0,1,Hot Hot Hollywood: Glenn Close Is Exiting The Chateau Marmont With Richard Linklater And The Crypt Keeper On Each Arm And They Are Smugly Walking Into The Traffic Of Sunset Boulevard To Kill Themselves
1783,0,1,De Blasio gets caught selling our schoolchildren yet again
1790,0,1,Disney Capitalizes On Success Of Baby Yoda With Baby Jar Jar
1794,0,1,Ronald Reagan Endorses 'Pill Lady' for president
1888,0,1,BabySafe Ball Makes Shaking Infants Guilt And Injury Free
1897,0,1,Sonny Perdue Argues Food Stamp Cuts Will Incentivize People To Get Exploitative Jobs That Won‚Äôt Exist In 5 Years
1939,0,1,?
2067,0,1,Cyberbullying Alert: Gamers Are Ganging Up To Harass This Defenseless Chinese Communist Party Leader
2128,0,1,Newly Discovered Suggest Jesus Devoured Twin Messiah In Womb
2132,0,1,Pro-Kremlin Pundit Breaks Record for World‚Äôs Longest TV Appearance ‚Äì Guinness - The Moscow Times
2133,0,1,Mark Zuckerberg Delivers Free Speech Manifesto
2150,0,1,Hunter Biden Admits It Was Poor Judgment To Be Involved With Corrupt Biden Family
2191,0,1,Outstanding move
2267,0,1,-
2276,0,1,8.106
2288,0,1,Golden Retriever Mauls 5 In Huge Victory For Pitbull Apologists
2344,0,1,Weather Channel Accused of Pro-Weather Bias
2441,0,1,Heroic Secret Service Agent Takes Bull Intended For President
2588,0,1,Georgia Teen Sentenced to Life in Prison After Killing Sister Over Wi-Fi Password
2663,0,1,An interesting title
2664,0,1,An interesting title
2777,0,1,Man cuts eu flag after banning memes
2802,0,1,Cops Cleared On Corruption Charges After Implicating Decorated Police Dog
2859,0,1,Alex Jones Struggling To Convince Skeptical Police After Witnessing Actual Murder In Neighbor‚Äôs Backyard
2864,0,1,Police: Student Had Embarrassingly Bad Plans For School Shooting
2876,0,1,Revolt forecasted. Weather forecast for NYC.
2907,0,1,NBA Championship Victory Easily Takes Its Place Among Top 10 Moments In Toronto Raptors History
3265,0,1,Los Angeles Plans To Hold 2028 Olympics In Toronto For The Tax Incentives
3297,0,1,Stanford Students Admit It Was Pretty Obvious Billionaire‚Äôs Dog Didn‚Äôt Get In By Itself
3299,0,1,Noncompete Clause In Lease Bars Tenants From Living Anywhere Else For 90 Days After Moving Out
3305,0,1,Gamers Rejoice: Here Is The Word ‚ÄòJapan‚Äô
3322,0,1,"Cucumber Is Everywhere, So Why Are People Still Fat?"
3410,0,1,s n u g g l e s t o p
3424,0,1,"Jared Kushner Claims That Russian Interference Less Damaging To U.S. Democracy Than Saudi Arabia, Nepotism, Israel, Cambridge Analytica, UAE, Illicit Donations, Erik Prince, Bill Barr, And Financial Entanglements"
3518,0,1,Light Beer Healthiest Food Option At Stadium
3703,0,1,Finally! Lisa Frank Is Releasing A Line Of Somber Black-And-White Folders For Kids Whose Parents Are Getting Divorced
3918,0,1,A Mythical Land: No One Has Ever Seen Anyone Shopping At The Huge Store In The Mall Full Of Rhinestone-Studded Party Dresses That‚Äôs Always Blasting Royalty-Free Club Music
3949,0,1,CBS Sitcoms Under Fire For Using Prison Laughter
3991,0,1,‚ÄòThe Bachelor‚Äô Accused Of Leveraging His Power As A Reality TV Star To Lure 30 Women To California Mansion
4022,0,1,NASA Administrator Resigns After Leak Of Offensive Anti-Moon Email
4050,0,1,Methodist Church Votes To Ban Same-Sex Marriages And Clergy
4078,0,1,Lucky To Be Alive: Harrison Ford Got His Sleeve Caught In His Computer‚Äôs Floppy Disk Drive And Was Sucked Into Cyberspace
4079,0,1,üò¢
4156,0,1,"Pakistan runs out of tomatoes, takes loan from World Bank to buy them"
4161,0,1,PlayStation CEO Predicts ‚ÄòPost-Console‚Äô World
4209,0,1,MTA Urges Riders To Stop Taking Disabled Passengers
4240,0,1,"Due to over crowding and traffic issues in Yosemite, massive construction ensues."
4295,0,1,Heartbreaking Backstory: 6 Luxury Dog Houses Yoda Looked At But Couldn‚Äôt Afford
4315,0,1,Heart On
4333,0,1,College Freshman From Florida Has Never Seen People Complain About Snow For 5 Months Before
4377,0,1,Periodt
4442,0,1,Yosemite Closed Indefinitely After Bear Spotted In Park
4608,0,1,Teen Weirded Out After Running Over English Teacher Outside Of School
4610,0,1,Masked Vigilante Takes Terrorizing Black Community Into Own Hands After Local Law Enforcement Fails To Do So
4640,0,1,New Biodiversity Program Busses In Species From Outside Ecosystems
4692,1,0,Long lines at new Colorado In-N-Out spark wild pantless fight
4700,1,0,Spirit animal: Minnesota squirrel gets drunk after eating fermented pears
4704,1,0,"Clean air and birds, what comes next might shock you."
4726,1,0,Temperatures in the Arctic are astonishingly warmer than they should be
4729,1,0,New United Ultra Economy Class Tickets Let's Passengers Get Dragged Behind by a Giant Rope
4731,1,0,"Zaveri Craft LLP., Noida - American Diamond Rings and Ad Bali"
4766,1,0,"Not just lizards, alligators can also regrow their tails to"
4829,1,0,"Horse fans mod The Sims 3, RDR2 into the horse games they crave ‚Äì All the horse games on the market are bad, so fan-made mods have to fill the gap"
4906,1,0,THE MOST PAUSED SCENES IN HOLLYWOOD HIT FILMS
4914,1,0,Woman gives birth to twins hours after going to hospital for routine checkup.
4919,1,0,"If I Go, We All Go"
4937,1,0,New York swingers club shut down for breaking coronavirus restrictions
5006,1,0,Complete Affiliate Marketing Course that will Help you to make upto $400 per day
5082,1,0,new fortnite skin
5090,1,0,Court: Tennessee can enforce Down syndrome abortion ban
5114,1,0,Discover The 10-Second Morning Trigger That Boosts Metabolism
5121,1,0,The Botanist Daring to Ask: What If Plants Have Personalities?
5138,1,0,Police Stranded On Bad Road On Way To Disperse Protest Against Bad Roads
5140,1,0,"Sex robots: An answer for aging, lonely Americans in the age of AI?"
5145,1,0,Gabe Newell sends Half-Life‚Äôs Gnome Chompski into space tomorrow
5157,1,0,Dry mouth no more? Scientists develop artificial saliva to relieve cottonmouth
5170,1,0,Must watch this video please
5173,1,0,"Hello friend. There are interesting facts about day of love which you do not have any informations about them. Read it and find out fact. After that you read, comment your idea. Thanks a lot."
5220,1,0,"I know that Japan has some scantily dressed young girls in anime, but IRL?"
5242,1,0,Chinese flower has evolved to be less visible to pickers
5244,1,0,'I don't know if I'm still engaged' Russell Tovey admits he's unsure if he's betrothed to his partner after he 'sold his ring and gave the money to his brother for sweets' when they last split
5273,1,0,Frogs That Were Married in July to Please Rain God Now 'Divorced' After Severe Rainfall
5386,1,0,"MindQuiz for the Nintendo DS was pulled out of store shelves after a mother of a son who died of cerebral palsy got her ranking rated as ""Super Spastic"" and reported it to BBC."
5459,1,0,Sinkhole filled with glowing green liquid found in middle of Toronto street
5466,1,0,'All Star' band Smash Mouth questions Robinson Cano's Hall of Fame candidacy
5502,1,0,BuzzFeed to Acquire HuffPost From Verizon Media
5533,1,0,"Netanyahu undergoes routine colonoscopy, has 2 polyps removed"
5551,1,0,Kansas Equity Panel to Recommend Marked Cars for Police
5635,1,0,"Security scanners from a Chinese firm not the best plan for our embassies, government decides"
5708,1,0,sarah jahasaphat (@jahasaphat)
5717,1,0,Very shocking news
5741,1,0,Simpsons writer would prefer you not soil the good name of Lionel Hutz with Rudy Giuliani comparisons
5758,1,0,"The game MindQuiz was pulled out of store shelves after a mother of a child who recently died from celebral palsy got her performance ranked as ""super spastic"" and reported it to BBC."
5769,1,0,How to Set up Facebook
5780,1,0,"Dinosaurs would have continued to thrive had it not been for the asteroid, researchers say"
5781,1,0,HIS HOUSE MOVIE REVIEW: NETFLIX‚ÄôS UNSETTLING HAUNTED HOUSE FILM UNLEASHES REAL HORRORS
5785,1,0,Well there goes my teams morale
5793,1,0,Fox Sports Regional TV networks to be renamed ‚ÄúBally Sports‚Äù
5794,1,0,Angolan police block anti-government protests before they even start
5799,1,0,Potential top NBA Draft pick Anthony Edwards 'not really into' basketball
5804,1,0,Dua Lipa Will Be a Playable Character in FIFA 21
5820,1,0,South Carolina schedules execution but doesn't have drugs
5825,1,0,Man gets $75 to restart his life after being wrongly imprisoned for 31 years
5829,1,0,Simpsons writer would prefer you not soil the good name of Lionel Hutz with Rudy Giuliani comparisons
5848,1,0,Colin Kaepernick calls for release of convicted cop-killer Mumia Abu-Jamal: 'Free Mumia'
5927,1,0,‚ÄòUnus Annus‚Äô is an Existential ‚ÄòJackass‚Äô For a New Generation
5928,1,0,What Do You Do for a Living? TikTok User Goes Famous in the US
5939,1,0,"Gee, where can we start?"
5972,1,0,Mississippi governor calls for spending $3 million on 'Patriotic Education Fund'
6032,1,0,"Pentagon Expects to Fail Another Audit, But Says Progress Made ‚Äì Officials say they‚Äôre on pace to pass an audit‚Ä¶in 2027."
6033,1,0,Gunmen abduct 12 police officers ‚Äî demand ransom
6074,1,0,Fortune 500 CEOs Will Intervene if Joe Biden Isn‚Äôt Inaugurated by Deadline
6120,1,0,Texas Rep Jarvis Johnson introduces a bill that would abolish Confederate Heroes Day
6121,1,0,NEW VIDEO ALERT!!! Top 5 UFOs caught on camera
6135,1,0,Educated lawyer claims world will end in 6 years as God revealed.
6153,1,0,22-year-old S'porean talked to corpses for 3 months to adapt to funeral parlour job
6174,1,0,"Hit-and-run suspect got out of handcuffs before fleeing scene, getting struck by car"
6194,1,0,Guide dogs draw complaints for failing to follow social distancing guidelines
6196,1,0,"Company Cancels PS5 Skin Pre-Orders, Swears at Customers"
6258,1,0,Must watch this video please
6261,1,0,Kyoto University apologizes for live bondage performance
6275,1,0,Mom dangles baby out the window shouting ‚ÄúWacko Jacko‚Äù after a Michael Jackson song comes on the radio
6285,1,0,‚ÄòMoon rock‚Äô in museum is just petrified wood
6310,1,0,Spencer Cox serves cookies to protesters on his family doorstep
6314,1,0,Berta bois don‚Äôt like those damn environmentalists
6346,1,0,How to Make Perpetual Income Every Month
6356,1,0,HP: That print-free-for-life deal we promised you? Well now it's pay-per-month to continue using your printer ink
6361,1,0,From the Halls of Montezuma to infinity and beyond: now introducing Space Marines
6363,1,0,Brazil Serie C : Goalkeeper fakes injury but is attacked by a colony of ants while he is down
6373,1,0,"‚ÄúAs News Punch reported recently, Antifa and Black Lives Matter regularly call on forces of evil to advance their agenda.‚Äù"
6389,1,0,German government calls upon citizens to ... do nothing?
6395,1,0,Producer of the Yakuza Series Would Like To Make A Sonic Game - The Tojo Dojo
6401,1,0,Why does Rodrigo Blankenship wear glasses during Colts games?
6406,1,0,Laser-Guided Lightning May Help Prevent Wildfires
6416,1,0,New Playstation
6419,1,0,"There's a Shanghai Marriage market, where parents lay down CVs of their sons/daughters and bargain to get them a good ""match"""
6442,1,0,AOC hurt police unions feelings
6488,1,0,Ancient Japanese Tonic Melts 54 LBS of Fat
6503,1,0,Flying Pigs Make History at St Louis Airport
6532,1,0,Smm Origin
6589,1,0,Baldur's Gate 3 developer sums up its players: 'They're all horny'
6629,1,0,A powerful tool to show you what the future hold for you and how to welcome more
6631,1,0,Interesting
6653,1,0,Grandfather serving 505-year sentence ordered to be released 'without delay'
6680,1,0,This Japanese floating spaceport concept could bring space travel to the city
6705,1,0,'We packed long underwear and never wore it': Arctic scientists shocked at warming
6791,1,0,Okay...
6812,1,0,"We'll spend nearly a decade of our lives staring at our phones, study says"
6813,1,0,Biden‚Äôs suggested sign language name reportedly resembles that of gang
6826,1,0,"Louisville Police Concealed 738,000 Records of Sexual Abuse by Officers"
6850,1,0,Mark Zuckerberg reportedly said Facebook didn't suspend Steve Bannon's account after he called for the beheading of federal officials because he hadn't violated its policies enough times
6925,1,0,Admit it
6935,1,0,85-Year-Old 5-Story Building In Shanghai 'Walks' To A New Location
6992,1,0,McDonald‚Äôs offering Free Meals to veterans on Veterans Day across Ohio
7086,1,0,"Horses can feel just as much pain from whips as humans, study shows"
7121,1,0,You can get paid $30 an hour to taste test Domino's garlic bread
7134,1,0,How to manage unexpected health care costs and avoid bankruptcy
7135,1,0,Couple complain Animal Planet show cast them as pot growers
7204,1,0,"Meet the Uber-driving, conspiracy theorist blogger who DeSantis just hired"
7229,1,0,Betfred owners make millions from company treating gambling addicts | Society
7242,1,0,Fluride was Added to the Water Supply to Cover Up Spills During Manhattan Project
7290,1,0,Obama Apologized to Kamala Harris for Saying She's Hot
7292,1,0,Right here on reddit. SadüôÅ
7321,1,0,This doesn't even make sense
7323,1,0,Pence doesn't provide evidence of voter fraud in meeting with GOP senators
7360,1,0,Artist Sues Federal Contractors for Destroying ‚ÄòBorder Wall‚Äô Made of Cheese
7405,1,0,"Urban gulls target school break times for food, says report"
7412,1,0,Can‚Äôt believe it‚Äôs coming from Tucker Carlson
7416,1,0,Female mongooses start fights and then sneak off to mate with the enemy.
7453,1,0,Men who add nuts to diet can significantly improve sperm quality
7461,1,0,One million cannibal ants trapped in Soviet nuclear weapons bunker have escaped
7470,1,0,Town Decides Half-Ton of Dynamite is the Best Way to Deal With a Beached Whale
7482,1,0,"Mike Pence Falsely Takes Credit for Pfizer Vaccine, Is Promptly Told to F--k Off"
7499,1,0,How to get rich - The Right To Be Rich
7504,1,0,"Wellington Hospital surgery breach: University of Otago medical student helped builder's apprentice watch heart surgery after 'naive error of judgment', investigation finds"
7565,1,0,George Stephanopoulos‚Äô Rep Lobbies For Him to Become Next Host of ‚ÄòJeopardy!‚Äô
7601,1,0,"East Haddam woman fights coyote off with pitchfork, aided by donkey"
7610,1,0,Who would have guessed?
7618,1,0,"Biden target of profane graffiti in Portland, as crowd smashes windows at Democratic campaign office"
7631,1,0,"Coca Cola, Fanta, Sprite with Mentos vs Teapot"
7649,1,0,Must watch
7669,1,0,Mike Tyson reveals exactly how he used fake penis to pass drugs tests
7755,1,0,How will this festival be?
7769,1,0,How to invest
7772,1,0,In Assam Kamakhya Devi Temple to get a golden dome this Diwali | Pathik
7807,1,0,CALLED IT on 8-3-2020: Why Election Day could be just the start of a long battle over the U.S. presidency
7827,1,0,I just leave it here.
7841,1,0,Make healthy income every month
7861,1,0,A London penthouse with access to an Oval Office just sold for $181 million
7868,1,0,One Small Hand Clinging to Everything Except Reality
7897,1,0,ŸÖŸÇÿ∑Ÿàÿπÿ© ÿ¥ÿπÿ±Ÿäÿ© ŸÑŸÖÿØÿ≠ ÿßŸÑŸÜÿ®Ÿâ ŸÖÿ≠ŸÖÿØ ÿµŸÑŸâ ÿßŸÑŸÑŸá ÿπŸÑŸäŸá Ÿàÿ≥ŸÑŸÖ
7923,1,0,Africa Urges Calm As America Teeters On The Brink Of Chaos
7932,1,0,Shimla Kullu Manali Honeymoon Package
7953,1,0,Coronavirus FAQs: Should I Purell My Nostrils? Can Lysol Disinfect The Air?
7978,1,0,Spotify announces that artists and labels will be able to select specific tracks for its algorithms to prioritize in exchange for being paid a lower royalty rate
8003,1,0,Facebook Has A Metric For ‚ÄúViolence And Incitement Trends.‚Äù It‚Äôs Rising.
8013,1,0,Lesbian couple left ‚Äòcreeped out‚Äô after man pulls up beside them and asks for a threesome
8063,1,0,Stay Tuned: It‚Äôll Take A Little Longer To Find Out Who Won The 2020 Election
8069,1,0,Here Are 8 Hopeful And Interesting Things That Happened On Election Night
8085,1,0,Shooting victim killed while being treated in Rizal hospital
8115,1,0,how to download bittorrent on pc
8215,1,0,Misfits Give The Best Advice
8230,1,0,Police are investigating why a local grandmother believes she's in love with Jason Momoa
8237,1,0,MAGA promotion at Tulsa marijuana dispensary backfires
8277,1,0,Have a little respect maybe?
8296,1,0,Lions Week 8 snap count: Penisini sees stiff rise in playing time vs. Colts
8318,1,0,Beer Helps Voters Find Polling Place
8395,1,0,Captain America
8404,1,0,Man wins costume contest with his KKK robe
8410,1,0,Couple gets married at Dunkin Donut drive thru where they met.
8417,1,0,Weatherproof Your House From Getting Wet and Gushy!
8419,1,0,BBC - The Social - ‚ÄòUnsolicited sexual poetry has no place in my DMs‚Äô
8425,1,0,It feels kinda racist tho...
8431,1,0,He's a damn genius
8452,1,0,Mariah Carey Announces 'It's Time' for Christmas One Day After Halloween
8456,1,0,"Apple will hold the event on November 10, analysts expect new Mac computers"
8463,1,0,Get the New PS5!
8466,1,0,Program Ivacy VPN
8470,1,0,Had to look twice
8483,1,0,Alberta Men Tied Their Turbans Together To Save 2 Teen Girls Who Fell Through Ice
8495,1,0,U.S. Expels Migrant Children From Other Countries to Mexico
8504,1,0,CEO emails 10 million customers to tell them to vote for Biden
8523,1,0,"Man Defies The Odds, Figures Out How To Enjoy Cheese With Chicken"
8536,1,0,"Dutch metro misses end of the line, balances on sculpture 10 metres high"
8562,1,0,Canada‚Äôs House Prices Are Soaring Because Reality Doesn‚Äôt Matter Anymore
8609,1,0,Autonomous Roborace car immediately slams into wall
8612,1,0,Autonomous Roborace car immediately slams into a wall before getting out of the starting grid
8617,1,0,Bears Receiver Javon Wims Just Started Punching A Guy
8618,1,0,Off-duty state trooper returning from a Halloween party in a Star Wars Stormtrooper costume stops drink-drive suspect driving the wrong way
8635,1,0,Dunno if someone posted this yet
8661,1,0,Pearson 'mix-up' lands local township a new skating rink
8675,1,0,America has just found a way to deepfry water
8691,1,0,"Protesters bring horse to AG Bill Barr‚Äôs house, demand he lock up Joe Biden"
8704,1,0,Shaking hands will entail salary cuts in Abu Dhabi government offices
8709,1,0,Make perpetual income every month
8715,1,0,West Point agrees to issue smaller-sized combat uniforms to new female cadets
8731,1,0,‚ÄòThey give me the willies‚Äô: scientist who vacuumed murder hornets braces for fight
8735,1,0,"Protestors picket (one of) William Barr's homes...for failing to arrest...Joe Biden for ""crimes"""
8772,1,0,This Toronto-area lawyer had to flee the country after taking on the tow truck industry
8776,1,0,Completely legitimate scientific study claims 85% of gay people are possessed by ghosts
8778,1,0,"Dodgers' Cody Bellinger says despite the World Series meme, he isn't high all the time, that's just his face"
8816,1,0,'I'm shaking right now': CNN reporter describes 3 racist attacks within an hour - CNN Video
8852,1,0,POTUS declares 1 November to be ‚Äònational day of remembrance for those killed by illegal aliens‚Äô
8865,1,0,Can digital tourism make people travel again?
8880,1,0,Morgue employee cremated by mistake while taking a nap
